{"accuracy": [0.7002341747283936, 0.7874706983566284, 0.8190866708755493, 0.8378220200538635, 0.8395784497261047, 0.8460187315940857, 0.86241215467453, 0.8588992953300476, 0.8676815032958984, 0.8629976511001587, 0.8735362887382507], "loss": [0.5988215804100037, 0.45981284976005554, 0.39551815390586853, 0.3676908314228058, 0.352408766746521, 0.33318737149238586, 0.32171115279197693, 0.301418274641037, 0.30107995867729187, 0.2999745011329651, 0.28313687443733215], "val_accuracy": [0.7065727710723877, 0.7323943376541138, 0.7394366264343262, 0.7699530720710754, 0.7769953012466431, 0.7934272289276123, 0.7863849997520447, 0.7934272289276123, 0.7793427109718323, 0.7981220483779907, 0.7863849997520447], "val_loss": [0.5349206924438477, 0.46976783871650696, 0.46741563081741333, 0.4258909225463867, 0.4112975001335144, 0.3864349126815796, 0.4107804596424103, 0.3953351080417633, 0.3992516100406647, 0.3935372829437256, 0.4009557068347931], "learning_rate": [9.999999747378752e-05, 9.999999747378752e-05, 9.999999747378752e-05, 9.999999747378752e-05, 9.999999747378752e-05, 9.999999747378752e-05, 9.999999747378752e-05, 9.999999747378752e-05, 9.999999747378752e-05, 4.999999873689376e-05, 4.999999873689376e-05]}